{"cameraMode":{"drawMode":0,"name":"Shaded","section":"Shading Mode"},"sceneLighting":true,"audioPlay":false,"sceneViewState":{"m_AlwaysRefresh":false,"showFog":true,"showSkybox":true,"showFlares":true,"showImageEffects":true,"showParticleSystems":true,"showVisualEffectGraphs":true,"m_FxEnabled":true},"in2DMode":false,"pivot":{"x":60.168434143066409,"y":507.89605712890627,"z":89.79312133789063},"rotation":{"x":-0.15715567767620088,"y":-0.0023736432194709779,"z":0.000377954711439088,"w":-0.9875766038894653},"size":275.425537109375,"orthographic":false}