{"cameraMode":{"drawMode":0,"name":"Shaded","section":"Shading Mode"},"sceneLighting":true,"audioPlay":false,"sceneViewState":{"m_AlwaysRefresh":false,"showFog":true,"showSkybox":true,"showFlares":true,"showImageEffects":true,"showParticleSystems":true,"showVisualEffectGraphs":true,"m_FxEnabled":true},"in2DMode":false,"pivot":{"x":509.5852355957031,"y":353.935302734375,"z":-35.09246826171875},"rotation":{"x":0.08418566733598709,"y":0.023907706141471864,"z":-0.0020204922184348108,"w":0.9961627721786499},"size":201.72860717773438,"orthographic":false}