{"cameraMode":{"drawMode":0,"name":"Shaded","section":"Shading Mode"},"sceneLighting":true,"audioPlay":false,"sceneViewState":{"m_AlwaysRefresh":false,"showFog":true,"showSkybox":true,"showFlares":true,"showImageEffects":true,"showParticleSystems":true,"showVisualEffectGraphs":true,"m_FxEnabled":true},"in2DMode":false,"pivot":{"x":314.4902648925781,"y":303.4277648925781,"z":-278.4812316894531},"rotation":{"x":0.04345439746975899,"y":0.038352422416210178,"z":-0.0016702583525329829,"w":0.9983205199241638},"size":151.55032348632813,"orthographic":false}