{"cameraMode":{"drawMode":0,"name":"Shaded","section":"Shading Mode"},"sceneLighting":false,"audioPlay":false,"sceneViewState":{"m_AlwaysRefresh":false,"showFog":true,"showSkybox":false,"showFlares":true,"showImageEffects":true,"showParticleSystems":true,"showVisualEffectGraphs":true,"m_FxEnabled":true},"in2DMode":false,"pivot":{"x":0.09099999815225601,"y":0.050999999046325687,"z":-3.725290298461914e-9},"rotation":{"x":-0.360171377658844,"y":-0.22022494673728944,"z":0.08791488409042359,"w":-0.9022524952888489},"size":0.027694810181856157,"orthographic":false}